Date,Company,Open,Close,Actual,Predicted
2020-06-08,Tesla,61.2667,63.328,0,0
2020-06-09,Tesla,62.6674,62.7114,0,0
2020-06-10,Tesla,66.1254,68.3367,0,0
2020-06-11,Tesla,66.0134,64.856,0,0
2020-06-12,Tesla,65.3334,62.352,0,0
2020-06-15,Tesla,61.186,66.06,0,0
2020-06-16,Tesla,67.4567,65.4754,0,0
2020-06-17,Tesla,65.8474,66.1194,0,0
2020-06-18,Tesla,66.8667,66.9307,0,0
2020-06-19,Tesla,67.5187,66.7267,0,0
2020-06-22,Tesla,66.6634,66.288,0,0
2020-06-23,Tesla,66.592,66.7854,0,0
2020-06-24,Tesla,66.274,64.0567,0,0
2020-06-25,Tesla,63.618,65.732,0,0
2020-06-26,Tesla,66.3187,63.9827,0,0
2020-06-29,Tesla,64.6007,67.29,0,0
2020-06-30,Tesla,67.1,71.9874,0,0
2020-07-01,Tesla,72.2,74.642,0,0
2020-07-02,Tesla,81.432,80.5774,0,0
2020-07-06,Tesla,85.1127,91.4387,0,0
2020-07-07,Tesla,93.6674,92.6574,0,0
2020-07-08,Tesla,93.6667,91.0587,0,0
2020-07-09,Tesla,93.1327,92.952,0,0
2020-07-10,Tesla,93.0667,102.9767,0,0
2020-07-13,Tesla,110.6001,99.804,0,0
2020-07-14,Tesla,103.7334,101.1201,0,0
2020-07-15,Tesla,102.8667,103.0674,0,0
2020-07-16,Tesla,98.4774,100.0427,0,0
2020-07-17,Tesla,100.8967,100.0561,0,0
2020-07-20,Tesla,101.2674,109.5334,0,0
2020-07-21,Tesla,109.3287,104.5574,0,0
2020-07-22,Tesla,106.6001,106.1554,0,0
2020-07-23,Tesla,111.9301,100.8714,0,0
2020-07-24,Tesla,94.4007,94.4667,0,0
2020-07-27,Tesla,95.6667,102.6401,0,0
2020-07-28,Tesla,100.2667,98.4327,0,0
2020-07-29,Tesla,100.0667,99.9407,0,0
2020-07-30,Tesla,99.2,99.166,0,0
2020-07-31,Tesla,101.0001,95.384,0,0
2020-08-03,Tesla,96.6134,99.0,0,0
2020-08-04,Tesla,99.6674,99.1334,0,0
2020-08-05,Tesla,99.5327,99.0014,0,0
2020-08-06,Tesla,99.3887,99.3054,0,0
2020-08-07,Tesla,99.9692,96.8474,0,0
2020-08-10,Tesla,96.5334,94.5714,0,0
2020-08-11,Tesla,93.0667,91.626,0,0
2020-08-12,Tesla,98.0,103.6507,0,0
2020-08-13,Tesla,107.4001,108.0667,0,0
2020-08-14,Tesla,110.9994,110.0474,0,0
2020-08-17,Tesla,111.8001,122.3761,0,0
2020-08-18,Tesla,126.5994,125.8061,0,0
2020-08-19,Tesla,124.3334,125.2354,0,0
2020-08-20,Tesla,124.0454,133.4554,0,0
2020-08-21,Tesla,136.3174,136.6654,0,0
2020-08-24,Tesla,141.7517,134.2801,0,0
2020-08-25,Tesla,131.6594,134.8894,0,0
2020-08-26,Tesla,137.3334,143.5447,0,0
2020-08-27,Tesla,145.3641,149.2501,0,0
2020-08-28,Tesla,153.0081,147.5601,0,0
2020-08-31,Tesla,148.2033,166.1067,0,0
2020-09-01,Tesla,167.38,158.35,0,0
2020-09-02,Tesla,159.6633,149.1233,0,0
2020-09-03,Tesla,135.7433,135.6667,0,0
2020-09-04,Tesla,134.27,139.44,0,0
2020-09-08,Tesla,118.6667,110.07,0,0
2020-09-09,Tesla,118.8667,122.0933,0,0
2020-09-10,Tesla,128.7367,123.78,0,0
2020-09-11,Tesla,127.3133,124.24,0,0
2020-09-14,Tesla,126.9833,139.8733,0,0
2020-09-15,Tesla,145.52,149.92,0,0
2020-09-16,Tesla,146.6233,147.2533,0,0
2020-09-17,Tesla,138.5333,141.1433,0,0
2020-09-18,Tesla,149.3133,147.3833,0,0
2020-09-21,Tesla,151.0433,149.7967,0,0
2020-09-22,Tesla,143.2,141.41,0,0
2020-09-23,Tesla,135.0533,126.7867,0,0
2020-09-24,Tesla,121.2667,129.2633,0,0
2020-09-25,Tesla,131.1567,135.78,0,0
2020-09-28,Tesla,141.54,140.4,0,0
2020-09-29,Tesla,138.6667,139.69,0,0
2020-09-30,Tesla,140.44,143.0033,0,0
2020-10-01,Tesla,146.92,149.3867,0,0
2020-10-02,Tesla,140.4633,138.3633,0,0
2020-10-05,Tesla,141.1167,141.8933,0,0
2020-10-06,Tesla,141.2633,137.9933,0,0
2020-10-07,Tesla,139.9567,141.7667,0,0
2020-10-08,Tesla,146.1467,141.9733,0,0
2020-10-09,Tesla,143.3767,144.6667,0,0
2020-10-12,Tesla,147.3333,147.4333,0,0
2020-10-13,Tesla,147.7833,148.8833,0,0
2020-10-14,Tesla,149.9267,153.7667,0,0
2020-10-15,Tesla,150.1033,149.6267,0,0
2020-10-16,Tesla,151.48,146.5567,0,0
2020-10-19,Tesla,148.7467,143.61,0,0
2020-10-20,Tesla,143.9167,140.6467,0,0
2020-10-21,Tesla,140.9,140.88,0,0
2020-10-22,Tesla,147.3067,141.93,0,0
2020-10-23,Tesla,140.6133,140.21,0,0
2020-10-26,Tesla,137.21,140.0933,0,0
2020-10-27,Tesla,141.2533,141.56,0,0
2020-10-28,Tesla,138.8267,135.34,0,0
2020-10-29,Tesla,136.6533,136.9433,0,0
2020-10-30,Tesla,135.6318,129.3467,0,0
2020-11-02,Tesla,131.3333,133.5033,0,0
2020-11-03,Tesla,136.5767,141.3,0,0
2020-11-04,Tesla,143.54,140.3267,0,0
2020-11-05,Tesla,142.7667,146.03,0,0
2020-11-06,Tesla,145.3667,143.3167,0,0
2020-11-09,Tesla,146.5,140.42,0,0
2020-11-10,Tesla,140.03,136.7867,0,0
2020-11-11,Tesla,138.8167,139.0433,0,0
2020-11-12,Tesla,138.35,137.2533,0,0
2020-11-13,Tesla,136.95,136.1667,0,0
2020-11-16,Tesla,136.31,136.03,0,0
2020-11-17,Tesla,153.39,147.2033,0,0
2020-11-18,Tesla,149.45,162.2133,0,0
2020-11-19,Tesla,164.0,166.4233,0,0
2020-11-20,Tesla,165.9967,163.2033,0,0
2020-11-23,Tesla,167.8333,173.95,0,0
2020-11-24,Tesla,180.1333,185.1266,0,0
2020-11-25,Tesla,183.3533,191.3333,0,0
2020-11-27,Tesla,193.72,195.2533,0,0
2020-11-30,Tesla,200.7366,189.2,0,0
2020-12-01,Tesla,199.1966,194.92,0,0
2020-12-02,Tesla,185.48,189.6066,0,0
2020-12-03,Tesla,196.6733,197.7933,0,0
2020-12-04,Tesla,197.0033,199.68,0,0
2020-12-07,Tesla,201.6399,213.92,0,0
2020-12-08,Tesla,208.5016,216.6266,0,0
2020-12-09,Tesla,217.8966,201.4933,0,0
2020-12-10,Tesla,191.4566,209.0233,0,0
2020-12-11,Tesla,205.0033,203.33,0,0
2020-12-14,Tesla,206.3333,213.2766,0,0
2020-12-15,Tesla,214.4266,211.0833,0,0
2020-12-16,Tesla,209.41,207.59,0,0
2020-12-17,Tesla,209.3966,218.6333,0,0
2020-12-18,Tesla,222.9666,231.6666,0,0
2020-12-21,Tesla,222.08,216.62,0,0
2020-12-22,Tesla,216.0,213.4466,0,0
2020-12-23,Tesla,210.7333,215.3266,0,0
2020-12-24,Tesla,214.33,220.59,0,0
2020-12-28,Tesla,224.8366,221.23,0,0
2020-12-29,Tesla,220.3333,221.9966,0,0
2020-12-30,Tesla,224.0,231.5933,0,0
2020-12-31,Tesla,233.33,235.2233,0,0
2021-01-04,Tesla,239.82,243.2566,0,0
2021-01-05,Tesla,241.22,245.0366,1,0
2021-01-06,Tesla,252.83,251.9933,1,0
2021-01-07,Tesla,259.21,272.0133,0,0
2021-01-08,Tesla,285.3333,293.34,0,0
2021-01-11,Tesla,283.1333,270.3966,0,0
2021-01-12,Tesla,277.0,283.1466,1,0
2021-01-13,Tesla,284.2533,284.8033,1,0
2021-01-14,Tesla,281.13,281.6666,0,0
2021-01-15,Tesla,284.0,275.3866,0,0
2021-01-19,Tesla,279.2666,281.5166,1,0
2021-01-20,Tesla,286.2466,283.4833,1,0
2021-01-21,Tesla,285.0,281.6633,1,0
2021-01-22,Tesla,278.1033,282.2133,0,0
2021-01-25,Tesla,285.0,293.6,0,0
2021-01-26,Tesla,297.1266,294.3633,1,0
2021-01-27,Tesla,290.1166,288.0533,1,0
2021-01-28,Tesla,273.3333,278.4766,0,0
2021-01-29,Tesla,276.6666,264.51,0,0
2021-02-01,Tesla,271.43,279.9366,0,0
2021-02-02,Tesla,281.56,290.93,1,0
2021-02-03,Tesla,292.34,284.8966,1,0
2021-02-04,Tesla,285.0,283.33,0,0
2021-02-05,Tesla,281.6666,284.0766,0,0
2021-02-08,Tesla,289.89,287.8066,0,0
2021-02-09,Tesla,285.04,283.1533,1,0
2021-02-10,Tesla,281.2116,268.2733,1,0
2021-02-11,Tesla,270.8133,270.5533,0,0
2021-02-12,Tesla,267.0866,272.04,0,0
2021-02-16,Tesla,272.6666,265.4066,1,0
2021-02-17,Tesla,259.6966,266.05,1,0
2021-02-18,Tesla,260.3,262.46,1,0
2021-02-19,Tesla,265.0,260.4333,0,1
2021-02-22,Tesla,254.2133,238.1666,0,0
2021-02-23,Tesla,220.71,232.9466,1,0
2021-02-24,Tesla,237.2833,247.34,1,0
2021-02-25,Tesla,242.05,227.4066,0,0
2021-02-26,Tesla,233.3333,225.1666,0,0
2021-03-01,Tesla,230.0366,239.4766,1,0
2021-03-02,Tesla,239.4266,228.8133,1,0
2021-03-03,Tesla,229.33,217.7333,1,0
2021-03-04,Tesla,218.6,207.1466,0,0
2021-03-05,Tesla,208.6866,199.3166,0,0
2021-03-08,Tesla,200.1833,187.6666,0,0
2021-03-09,Tesla,202.7266,224.5266,1,0
2021-03-10,Tesla,233.4333,222.6866,1,0
2021-03-11,Tesla,233.1333,233.2,1,0
2021-03-12,Tesla,223.3333,231.2433,0,0
2021-03-15,Tesla,231.3633,235.98,0,0
2021-03-16,Tesla,234.45,225.6266,1,0
2021-03-17,Tesla,218.9566,233.9366,1,1
2021-03-18,Tesla,228.0966,217.72,0,1
2021-03-19,Tesla,215.5333,218.29,0,1
2021-03-22,Tesla,228.1966,223.3333,0,1
2021-03-23,Tesla,225.2566,220.72,1,1
2021-03-24,Tesla,222.6366,210.09,1,1
2021-03-25,Tesla,204.3333,213.4633,0,1
2021-03-26,Tesla,213.9566,206.2366,0,1
2021-03-29,Tesla,205.2133,203.7633,1,1
2021-03-30,Tesla,200.5833,211.8733,1,1
2021-03-31,Tesla,215.54,222.6433,1,1
2021-04-01,Tesla,229.4566,220.5833,1,1
2021-04-05,Tesla,235.9033,230.35,1,1
2021-04-06,Tesla,230.1,230.54,1,1
2021-04-07,Tesla,229.0,223.6566,1,1
2021-04-08,Tesla,225.7933,227.9333,1,1
2021-04-09,Tesla,225.9233,225.6733,1,1
2021-04-12,Tesla,228.5666,233.9933,1,1
2021-04-13,Tesla,237.5666,254.1066,1,1
2021-04-14,Tesla,256.9,244.0766,1,1
2021-04-15,Tesla,247.7,246.2833,1,1
2021-04-16,Tesla,242.8833,246.5933,1,1
2021-04-19,Tesla,239.8666,238.21,1,1
2021-04-20,Tesla,239.14,239.6633,1,1
2021-04-21,Tesla,234.9233,248.04,1,1
2021-04-22,Tesla,247.1666,239.8966,1,1
2021-04-23,Tesla,239.9333,243.1333,1,1
2021-04-26,Tesla,247.0,246.0666,1,1
2021-04-27,Tesla,239.32,234.9133,1,1
2021-04-28,Tesla,232.1366,231.4666,1,1
2021-04-29,Tesla,233.17,225.6666,1,1
2021-04-30,Tesla,222.53,236.48,1,1
2021-05-03,Tesla,234.6,228.3,1,1
2021-05-04,Tesla,226.3133,224.5333,1,1
2021-05-05,Tesla,227.02,223.6466,1,1
2021-05-06,Tesla,226.92,221.18,1,1
2021-05-07,Tesla,221.9333,224.1233,1,1
2021-05-10,Tesla,221.6333,209.68,1,1
2021-05-11,Tesla,199.7466,205.7333,1,1
2021-05-12,Tesla,200.83,196.63,1,1
2021-05-13,Tesla,200.515,190.5633,1,1
2021-05-14,Tesla,194.47,196.58,1,1
2021-05-17,Tesla,191.851,192.2766,1,1
2021-05-18,Tesla,189.3333,192.6233,1,1
2021-05-19,Tesla,184.1833,187.82,1,1
2021-05-20,Tesla,191.6666,195.5933,1,1
2021-05-21,Tesla,198.7033,193.6266,1,1
2021-05-24,Tesla,193.8666,202.1466,1,1
2021-05-25,Tesla,202.4366,201.5633,1,1
2021-05-26,Tesla,202.52,206.3766,1,1
2021-05-27,Tesla,206.7466,210.2833,1,1
2021-05-28,Tesla,209.5,208.4066,1,1
2021-06-01,Tesla,209.2666,207.9666,1,1
2021-06-02,Tesla,206.71,201.7066,1,1
2021-06-03,Tesla,200.6,190.9466,1,1
2021-06-04,Tesla,193.2366,199.6833,1,1
2021-06-07,Tesla,197.275,201.71,1,1
2021-06-08,Tesla,207.67,201.1966,1,1
2021-06-09,Tesla,200.7233,199.5933,1,1
2021-06-10,Tesla,201.2933,203.3733,1,1
2021-06-11,Tesla,203.41,203.2966,1,1
2021-06-14,Tesla,204.0766,205.8966,1,1
2021-06-15,Tesla,205.5633,199.7866,1,1
2021-06-16,Tesla,199.1783,201.6233,1,1
2021-06-17,Tesla,200.6293,205.5333,1,1
2021-06-18,Tesla,204.4566,207.77,1,1
2021-06-21,Tesla,208.16,206.9433,1,1
2021-06-22,Tesla,206.0833,207.9033,1,1
2021-06-23,Tesla,210.6666,218.8566,1,1
2021-06-24,Tesla,224.9966,226.6066,1,1
2021-06-25,Tesla,229.86,223.9566,1,1
2021-06-28,Tesla,223.88,229.5733,1,1
2021-06-29,Tesla,228.2166,226.92,1,1
2021-06-30,Tesla,226.59,226.5666,1,1
2021-07-01,Tesla,227.9733,225.9733,1,1
2021-07-02,Tesla,226.3266,226.3,1,1
2021-07-06,Tesla,227.2371,219.86,1,1
2021-07-07,Tesla,221.4233,214.8833,1,1
2021-07-08,Tesla,209.4566,217.6033,1,1
2021-07-09,Tesla,217.7283,218.9833,1,1
2021-07-12,Tesla,220.7333,228.5666,0,1
2021-07-13,Tesla,228.7733,222.8466,1,1
2021-07-14,Tesla,223.5833,217.7933,1,1
2021-07-15,Tesla,219.4633,216.8666,1,1
2021-07-16,Tesla,218.2266,214.74,1,1
2021-07-19,Tesla,209.9633,215.4066,0,1
2021-07-20,Tesla,217.33,220.1666,1,1
2021-07-21,Tesla,219.87,218.43,1,1
2021-07-22,Tesla,218.8142,216.42,1,1
2021-07-23,Tesla,215.4533,214.46,1,1
2021-07-26,Tesla,216.99,219.2066,0,1
2021-07-27,Tesla,221.1333,214.9266,1,1
2021-07-28,Tesla,215.665,215.66,1,1
2021-07-29,Tesla,216.5966,225.7833,1,1
2021-07-30,Tesla,223.9193,229.0666,1,1
2021-08-02,Tesla,233.3333,236.5566,1,1
2021-08-03,Tesla,239.6666,236.58,1,1
2021-08-04,Tesla,237.0,236.9733,1,1
2021-08-05,Tesla,238.6666,238.21,1,1
2021-08-06,Tesla,237.3,233.0333,1,1
2021-08-09,Tesla,236.7233,237.92,1,1
2021-08-10,Tesla,237.9966,236.6633,1,1
2021-08-11,Tesla,237.57,235.94,1,1
2021-08-12,Tesla,235.4466,240.75,1,1
2021-08-13,Tesla,241.2366,239.0566,1,1
2021-08-16,Tesla,235.0233,228.7233,1,1
2021-08-17,Tesla,224.22,221.9033,1,1
2021-08-18,Tesla,223.2493,229.6633,1,1
2021-08-19,Tesla,226.07,224.49,1,1
2021-08-20,Tesla,227.6166,226.7533,1,1
2021-08-23,Tesla,228.4806,235.4333,1,1
2021-08-24,Tesla,236.8933,236.1633,1,1
2021-08-25,Tesla,235.6766,237.0666,1,1
2021-08-26,Tesla,236.1033,233.72,1,1
2021-08-27,Tesla,235.0,237.3066,1,1
2021-08-30,Tesla,238.2383,243.6366,1,1
2021-08-31,Tesla,244.3333,245.24,1,1
2021-09-01,Tesla,244.6933,244.6966,1,1
2021-09-02,Tesla,244.8333,244.13,1,1
2021-09-03,Tesla,244.083,244.5233,1,1
2021-09-07,Tesla,246.6666,250.9733,1,1
2021-09-08,Tesla,253.86,251.29,1,1
2021-09-09,Tesla,251.1366,251.62,1,1
2021-09-10,Tesla,253.2,245.4233,1,1
2021-09-13,Tesla,246.738,247.6666,1,1
2021-09-14,Tesla,247.5233,248.1633,1,1
2021-09-15,Tesla,248.3333,251.9433,1,1
2021-09-16,Tesla,250.9433,252.33,1,1
2021-09-17,Tesla,252.3833,253.1633,1,1
2021-09-20,Tesla,244.8525,243.39,1,1
2021-09-21,Tesla,244.93,246.46,1,1
2021-09-22,Tesla,247.8421,250.6466,1,1
2021-09-23,Tesla,251.6666,251.2133,1,1
2021-09-24,Tesla,248.63,258.13,1,1
2021-09-27,Tesla,257.7066,263.7866,1,1
2021-09-28,Tesla,262.4,259.1866,1,1
2021-09-29,Tesla,259.9333,260.4366,1,1
2021-09-30,Tesla,260.3333,258.4933,1,1
2021-10-01,Tesla,259.4666,258.4066,1,1
2021-10-04,Tesla,265.5,260.51,1,1
2021-10-05,Tesla,261.5986,260.1966,1,1
2021-10-06,Tesla,258.7333,260.9166,1,1
2021-10-07,Tesla,261.82,264.5366,1,1
2021-10-08,Tesla,265.4033,261.83,1,1
2021-10-11,Tesla,262.55,263.98,1,1
2021-10-12,Tesla,266.9766,268.5733,1,1
2021-10-13,Tesla,270.1566,270.36,1,1
2021-10-14,Tesla,271.83,272.7733,1,1
2021-10-15,Tesla,274.5793,281.01,1,1
2021-10-18,Tesla,283.93,290.0366,1,1
2021-10-19,Tesla,292.51,288.09,1,1
2021-10-20,Tesla,288.45,288.6,1,1
2021-10-21,Tesla,285.3333,298.0,1,1
2021-10-22,Tesla,298.5,303.2266,1,1
2021-10-25,Tesla,316.8433,341.62,1,1
2021-10-26,Tesla,341.5633,339.4766,1,1
2021-10-27,Tesla,346.5533,345.9533,1,1
2021-10-28,Tesla,356.1016,359.0133,1,1
2021-10-29,Tesla,360.62,371.3333,1,1
2021-11-01,Tesla,381.6666,402.8633,1,1
2021-11-02,Tesla,386.4516,390.6666,1,1
2021-11-03,Tesla,392.4433,404.62,1,1
2021-11-04,Tesla,411.47,409.97,1,1
2021-11-05,Tesla,409.3333,407.3633,1,1
2021-11-08,Tesla,383.2616,387.6466,1,1
2021-11-09,Tesla,391.2,341.1666,1,1
2021-11-10,Tesla,336.8033,355.9833,1,1
2021-11-11,Tesla,367.59,354.5033,1,1
2021-11-12,Tesla,349.1666,344.4733,1,1
2021-11-15,Tesla,339.21,337.7966,1,1
2021-11-16,Tesla,334.4366,351.5766,1,1
2021-11-17,Tesla,354.5033,363.0033,1,1
2021-11-18,Tesla,368.85,365.46,1,1
2021-11-19,Tesla,366.29,379.02,1,1
2021-11-22,Tesla,387.4433,385.6233,1,1
2021-11-23,Tesla,389.17,369.6766,1,1
2021-11-24,Tesla,360.13,372.0,1,1
2021-11-26,Tesla,366.49,360.64,1,1
2021-11-29,Tesla,366.9966,378.9966,1,1
2021-11-30,Tesla,381.4566,381.5866,1,1
2021-12-01,Tesla,386.8983,365.0,1,1
2021-12-02,Tesla,366.3533,361.5333,1,1
2021-12-03,Tesla,361.5966,338.3233,1,1
2021-12-06,Tesla,333.8366,336.3366,0,1
2021-12-07,Tesla,348.0666,350.5833,1,1
2021-12-08,Tesla,350.9033,356.32,1,1
2021-12-09,Tesla,353.5466,334.6,1,1
2021-12-10,Tesla,336.25,339.01,1,1
2021-12-13,Tesla,333.6966,322.1366,0,1
2021-12-14,Tesla,315.0,319.5033,1,1
2021-12-15,Tesla,317.7366,325.33,1,1
2021-12-16,Tesla,331.5,308.9733,1,1
2021-12-17,Tesla,304.9233,310.8566,1,1
2021-12-20,Tesla,303.5666,299.98,0,1
2021-12-21,Tesla,305.6233,312.8433,1,1
2021-12-22,Tesla,321.8866,336.29,1,1
2021-12-23,Tesla,335.6,355.6666,1,1
2021-12-27,Tesla,357.89,364.6466,0,1
2021-12-28,Tesla,369.83,362.8233,1,1
2021-12-29,Tesla,366.2133,362.0633,1,1
2021-12-30,Tesla,353.7766,356.78,1,1
2021-12-31,Tesla,357.8148,352.26,1,1
2022-01-03,Tesla,382.5833,399.9266,1,1
2022-01-04,Tesla,396.5166,383.1966,1,1
2022-01-05,Tesla,382.2166,362.7066,1,1
2022-01-06,Tesla,359.0,354.9,1,1
2022-01-07,Tesla,360.1233,342.32,1,1
2022-01-10,Tesla,333.3333,352.7066,1,1
2022-01-11,Tesla,351.2233,354.8,1,1
2022-01-12,Tesla,359.6166,368.74,1,1
2022-01-13,Tesla,369.6883,343.8533,1,1
2022-01-14,Tesla,339.96,349.87,1,1
2022-01-18,Tesla,342.2016,343.5033,0,1
2022-01-19,Tesla,347.235,331.8833,1,1
2022-01-20,Tesla,336.5766,332.09,1,1
2022-01-21,Tesla,332.1133,314.6333,1,1
2022-01-24,Tesla,301.5866,310.0,0,1
2022-01-25,Tesla,304.7333,306.1333,1,1
2022-01-26,Tesla,317.4766,312.47,1,1
2022-01-27,Tesla,311.12,276.3666,1,1
2022-01-28,Tesla,277.1866,282.1166,0,1
2022-01-31,Tesla,290.9033,312.24,0,1
2022-02-01,Tesla,311.7366,310.4166,1,1
2022-02-02,Tesla,309.3933,301.8866,1,1
2022-02-03,Tesla,294.0,297.0466,1,1
2022-02-04,Tesla,299.0733,307.7733,1,1
2022-02-07,Tesla,307.93,302.4466,0,1
2022-02-08,Tesla,301.8433,307.3333,1,1
2022-02-09,Tesla,311.6666,310.6666,1,1
2022-02-10,Tesla,302.79,301.5166,1,1
2022-02-11,Tesla,303.21,286.6666,1,1
2022-02-14,Tesla,287.19,291.92,0,1
2022-02-15,Tesla,300.0,307.4766,0,1
2022-02-16,Tesla,304.6833,307.7966,1,1
2022-02-17,Tesla,304.42,292.1166,1,1
2022-02-18,Tesla,295.3333,285.66,1,1
2022-02-22,Tesla,278.0433,273.8433,1,1
2022-02-23,Tesla,276.81,254.68,1,1
2022-02-24,Tesla,233.4633,266.9233,0,1
2022-02-25,Tesla,269.7433,269.9566,1,1
2022-02-28,Tesla,271.67,290.1433,0,1
2022-03-01,Tesla,289.8933,288.1233,1,1
2022-03-02,Tesla,290.71,293.2966,1,1
2022-03-03,Tesla,292.9233,279.7633,1,1
2022-03-04,Tesla,283.0333,279.43,1,1
2022-03-07,Tesla,285.4333,268.1933,1,1
2022-03-08,Tesla,265.1766,274.8,1,1
2022-03-09,Tesla,279.8266,286.3233,1,1
2022-03-10,Tesla,283.8166,279.4333,1,1
2022-03-11,Tesla,280.0656,265.1166,1,1
2022-03-14,Tesla,260.2033,255.4566,1,1
2022-03-15,Tesla,258.4233,267.2966,1,1
2022-03-16,Tesla,269.6666,280.0766,1,1
2022-03-17,Tesla,276.9966,290.5333,1,1
2022-03-18,Tesla,291.4966,301.7966,1,1
2022-03-21,Tesla,304.9933,307.0533,1,1
2022-03-22,Tesla,310.0,331.3266,1,1
2022-03-23,Tesla,326.6466,333.0366,1,1
2022-03-24,Tesla,336.5766,337.9733,1,1
2022-03-25,Tesla,336.0,336.88,1,1
2022-03-28,Tesla,355.0333,363.9466,1,1
2022-03-29,Tesla,369.33,366.5233,1,1
2022-03-30,Tesla,363.7233,364.6633,1,1
2022-03-31,Tesla,364.8566,359.2,1,1
2022-04-01,Tesla,360.3833,361.53,1,1
2022-04-04,Tesla,363.1266,381.8166,1,1
2022-04-05,Tesla,378.7666,363.7533,1,1
2022-04-06,Tesla,357.8233,348.5866,1,1
2022-04-07,Tesla,350.7966,352.42,1,1
2022-04-08,Tesla,347.7366,341.83,1,1
2022-04-11,Tesla,326.8,325.31,1,1
2022-04-12,Tesla,332.5466,328.9833,1,1
2022-04-13,Tesla,327.025,340.79,1,1
2022-04-14,Tesla,333.0966,328.3333,1,1
2022-04-18,Tesla,329.6766,334.7633,1,1
2022-04-19,Tesla,335.02,342.7166,1,1
2022-04-20,Tesla,343.3333,325.7333,1,1
2022-04-21,Tesla,358.2433,336.26,1,1
2022-04-22,Tesla,338.3033,335.0166,1,1
2022-04-25,Tesla,326.3233,332.6733,1,1
2022-04-26,Tesla,331.81,292.14,1,1
2022-04-27,Tesla,299.5266,293.8366,1,1
2022-04-28,Tesla,299.9933,292.5033,1,1
2022-04-29,Tesla,300.75,290.2533,1,1
2022-05-02,Tesla,286.9233,300.98,1,1
2022-05-03,Tesla,301.06,303.0833,1,1
2022-05-04,Tesla,301.3133,317.54,1,1
2022-05-05,Tesla,313.07,291.0933,1,1
2022-05-06,Tesla,295.6666,288.55,1,1
2022-05-09,Tesla,278.8166,262.37,1,1
2022-05-10,Tesla,273.1033,266.68,1,1
2022-05-11,Tesla,265.0,244.6666,1,1
2022-05-12,Tesla,233.6666,242.6666,1,1
2022-05-13,Tesla,257.8266,256.53,1,1
2022-05-16,Tesla,255.72,241.4566,1,1
2022-05-17,Tesla,249.12,253.87,1,1
2022-05-18,Tesla,248.1733,236.6033,1,1
2022-05-19,Tesla,235.6666,236.4733,1,1
2022-05-20,Tesla,237.9966,221.3,1,1
2022-05-23,Tesla,218.34,224.9666,1,1
2022-05-24,Tesla,217.8433,209.3866,1,1
2022-05-25,Tesla,207.95,219.6,1,1
2022-05-26,Tesla,220.4733,235.91,1,1
2022-05-27,Tesla,241.0833,253.21,1,1
2022-05-31,Tesla,257.9466,252.7533,1,1
2022-06-01,Tesla,251.72,246.79,1,1
2022-06-02,Tesla,244.1566,258.3333,1,1
2022-06-03,Tesla,243.225,234.5166,1,1
2022-06-06,Tesla,244.3533,238.28,1,1
2022-06-07,Tesla,234.0,238.8866,1,1
2022-06-08,Tesla,240.0866,241.8666,1,1
2022-06-09,Tesla,249.34,239.7066,1,1
2022-06-10,Tesla,235.1566,232.23,1,1
2022-06-13,Tesla,223.1666,215.7366,1,1
2022-06-14,Tesla,218.2866,220.89,1,1
2022-06-15,Tesla,220.9166,233.0,1,1
2022-06-16,Tesla,222.7366,213.1,1,1
2022-06-17,Tesla,213.4333,216.76,1,1
2022-06-21,Tesla,224.6033,237.0366,1,1
2022-06-22,Tesla,234.5033,236.0866,1,1
2022-06-23,Tesla,237.905,235.07,1,1
2022-06-24,Tesla,237.4683,245.7066,1,1
2022-06-27,Tesla,249.3666,244.92,1,1
2022-06-28,Tesla,244.4833,232.6633,1,1
2022-06-29,Tesla,230.5,228.49,1,1
2022-06-30,Tesla,224.51,224.4733,0,1
2022-07-01,Tesla,227.0,227.2633,1,1
2022-07-05,Tesla,223.0,233.0666,0,1
2022-07-06,Tesla,230.78,231.7333,1,1
2022-07-07,Tesla,233.92,244.5433,1,1
2022-07-08,Tesla,242.3333,250.7633,1,1
2022-07-11,Tesla,252.1033,234.3433,0,1
2022-07-12,Tesla,236.8466,233.07,1,1
2022-07-13,Tesla,225.5,237.04,1,1
2022-07-14,Tesla,234.8966,238.3133,1,1
2022-07-15,Tesla,240.0,240.0666,1,1
2022-07-18,Tesla,244.9366,240.5466,0,1
2022-07-19,Tesla,245.0,245.53,1,1
2022-07-20,Tesla,246.7833,247.5,1,1
2022-07-21,Tesla,255.1066,271.7066,1,1
2022-07-22,Tesla,276.22,272.2433,1,1
2022-07-25,Tesla,272.2166,268.4333,1,1
2022-07-26,Tesla,266.5133,258.86,1,1
2022-07-27,Tesla,263.81,274.82,1,1
2022-07-28,Tesla,280.0666,280.9,1,1
2022-07-29,Tesla,280.7,297.15,1,1
2022-08-01,Tesla,301.275,297.2766,1,1
2022-08-02,Tesla,294.0033,300.5866,1,1
2022-08-03,Tesla,305.0,307.3966,1,1
2022-08-04,Tesla,311.0,308.6333,1,1
2022-08-05,Tesla,302.67,288.17,1,1
2022-08-08,Tesla,295.0,290.4233,1,1
2022-08-09,Tesla,290.2933,283.3333,1,1
2022-08-10,Tesla,297.0666,294.3566,1,1
2022-08-11,Tesla,296.5133,286.63,1,1
2022-08-12,Tesla,289.415,300.03,1,1
2022-08-15,Tesla,301.7866,309.32,1,1
2022-08-16,Tesla,311.6666,306.5633,1,1
2022-08-17,Tesla,303.3966,303.9966,1,1
2022-08-18,Tesla,306.0,302.87,1,1
2022-08-19,Tesla,299.0,296.6666,1,1
2022-08-22,Tesla,291.9133,289.9133,1,1
2022-08-23,Tesla,291.4533,296.4533,1,1
2022-08-24,Tesla,297.5633,297.0966,1,1
2022-08-25,Tesla,302.36,296.07,1,1
2022-08-26,Tesla,297.43,288.09,1,1
2022-08-29,Tesla,282.83,284.82,1,1
2022-08-30,Tesla,287.865,277.7,1,1
2022-08-31,Tesla,280.62,275.61,1,1
2022-09-01,Tesla,272.575,277.16,1,1
2022-09-02,Tesla,281.065,270.21,1,1
2022-09-06,Tesla,272.675,274.42,1,1
2022-09-07,Tesla,273.1,283.7,1,1
2022-09-08,Tesla,281.3,289.26,1,1
2022-09-09,Tesla,291.67,299.68,1,1
2022-09-12,Tesla,300.72,304.42,1,1
2022-09-13,Tesla,292.9,292.13,1,1
2022-09-14,Tesla,292.24,302.61,1,1
2022-09-15,Tesla,301.825,303.75,1,1
2022-09-16,Tesla,299.605,303.35,1,1
2022-09-19,Tesla,300.09,309.07,1,1
2022-09-20,Tesla,306.91,308.73,1,1
2022-09-21,Tesla,308.29,300.8,1,1
2022-09-22,Tesla,299.86,288.59,1,1
2022-09-23,Tesla,283.09,275.33,1,1
2022-09-26,Tesla,271.83,276.01,1,1
2022-09-27,Tesla,283.84,282.94,1,1
2022-09-28,Tesla,283.08,287.81,1,1
2022-09-29,Tesla,282.76,268.21,1,1
2022-09-30,Tesla,266.145,265.25,1,1
2022-10-03,Tesla,254.5,242.4,1,1
2022-10-04,Tesla,250.52,249.44,0,1
2022-10-05,Tesla,245.01,240.81,0,1
2022-10-06,Tesla,239.44,238.13,0,1
2022-10-07,Tesla,233.935,223.07,0,1
2022-10-10,Tesla,223.93,222.96,0,0
2022-10-11,Tesla,220.945,216.5,0,0
2022-10-12,Tesla,215.33,217.24,0,0
2022-10-13,Tesla,208.3,221.72,0,0
2022-10-14,Tesla,224.01,204.99,0,0
2022-10-17,Tesla,210.04,219.35,0,0
2022-10-18,Tesla,229.5,220.19,0,0
2022-10-19,Tesla,219.8,222.04,0,0
2022-10-20,Tesla,208.28,207.28,0,0
2022-10-21,Tesla,206.415,214.44,0,0
2022-10-24,Tesla,205.82,211.25,0,0
2022-10-25,Tesla,210.1,222.415,0,0
2022-10-26,Tesla,219.4,224.64,0,0
2022-10-27,Tesla,229.77,225.09,0,0
2022-10-28,Tesla,225.4,228.52,0,0
2022-10-31,Tesla,226.19,227.54,0,0
2022-11-01,Tesla,234.05,227.82,0,0
2022-11-02,Tesla,226.04,214.98,0,0
2022-11-03,Tesla,211.36,215.31,0,0
2022-11-04,Tesla,222.6,207.47,0,0
2022-11-07,Tesla,208.65,197.08,0,0
2022-11-08,Tesla,194.02,191.3,0,0
2022-11-09,Tesla,190.775,177.59,0,0
2022-11-10,Tesla,189.9,190.72,0,0
2022-11-11,Tesla,186.0,195.97,0,0
2022-11-14,Tesla,192.77,190.95,0,0
2022-11-15,Tesla,195.88,194.42,0,0
2022-11-16,Tesla,191.51,186.92,0,0
2022-11-17,Tesla,183.96,183.17,0,0
2022-11-18,Tesla,185.05,180.19,0,0
2022-11-21,Tesla,175.85,167.87,0,0
2022-11-22,Tesla,168.63,169.91,0,0
2022-11-23,Tesla,173.57,183.2,0,0
2022-11-25,Tesla,185.06,182.86,0,0
2022-11-28,Tesla,179.96,182.92,0,0
2022-11-29,Tesla,184.99,180.83,0,0
2022-11-30,Tesla,182.43,194.7,0,0
2022-12-01,Tesla,197.08,194.7,0,0
2022-12-02,Tesla,191.78,194.86,0,0
2022-12-05,Tesla,189.44,182.45,0,0
2022-12-06,Tesla,181.215,179.82,0,0
2022-12-07,Tesla,175.03,174.04,0,0
2022-12-08,Tesla,172.2,173.44,0,0
2022-12-09,Tesla,173.84,179.05,0,0
2022-12-12,Tesla,176.1,167.82,0,0
2022-12-13,Tesla,174.87,160.95,0,0
2022-12-14,Tesla,159.25,156.8,0,0
2022-12-15,Tesla,153.44,157.67,0,0
2022-12-16,Tesla,159.635,150.23,0,0
2022-12-19,Tesla,154.0,149.87,0,0
2022-12-20,Tesla,146.05,137.8,0,0
2022-12-21,Tesla,139.335,137.57,0,0
2022-12-22,Tesla,136.0,125.35,0,0
2022-12-23,Tesla,126.37,123.15,0,0
2022-12-27,Tesla,117.495,109.1,0,0
2022-12-28,Tesla,110.35,112.71,0,0
2022-12-29,Tesla,120.385,121.82,0,0
2022-12-30,Tesla,119.95,123.18,0,0
2023-01-03,Tesla,118.47,108.1,0,0
2023-01-04,Tesla,109.11,113.64,0,0
2023-01-05,Tesla,110.51,110.34,0,0
2023-01-06,Tesla,103.0,113.06,0,0
2023-01-09,Tesla,118.96,119.77,0,0
2023-01-10,Tesla,121.07,118.85,0,0
2023-01-11,Tesla,122.09,123.22,0,0
2023-01-12,Tesla,122.56,123.56,0,0
2023-01-13,Tesla,116.55,122.4,0,0
2023-01-17,Tesla,125.695,131.49,0,0
2023-01-18,Tesla,136.555,128.78,0,0
2023-01-19,Tesla,127.26,127.17,0,0
2023-01-20,Tesla,128.68,133.42,0,0
2023-01-23,Tesla,135.87,143.75,0,0
2023-01-24,Tesla,143.0,143.89,0,0
2023-01-25,Tesla,141.905,144.43,0,0
2023-01-26,Tesla,159.965,160.27,0,0
2023-01-27,Tesla,162.43,177.9,0,0
2023-01-30,Tesla,178.05,166.66,0,0
2023-01-31,Tesla,164.57,173.22,0,0
2023-02-01,Tesla,173.89,181.41,0,0
2023-02-02,Tesla,187.325,188.27,0,0
2023-02-03,Tesla,183.95,189.98,0,0
2023-02-06,Tesla,193.01,194.76,0,0
2023-02-07,Tesla,196.43,196.81,0,0
2023-02-08,Tesla,196.1,201.29,0,0
2023-02-09,Tesla,207.775,207.32,0,0
2023-02-10,Tesla,202.225,196.89,0,0
2023-02-13,Tesla,194.415,194.64,0,0
2023-02-14,Tesla,191.94,209.25,0,0
2023-02-15,Tesla,211.755,214.24,0,0
2023-02-16,Tesla,210.78,202.04,0,0
2023-02-17,Tesla,199.985,208.31,0,0
2023-02-21,Tesla,204.99,197.37,0,0
2023-02-22,Tesla,197.93,200.86,0,0
2023-02-23,Tesla,203.91,202.07,0,0
2023-02-24,Tesla,196.325,196.88,0,0
2023-02-27,Tesla,202.03,207.63,0,0
2023-02-28,Tesla,210.59,205.71,0,0
2023-03-01,Tesla,206.21,202.77,0,0
2023-03-02,Tesla,186.74,190.9,0,0
2023-03-03,Tesla,194.795,197.79,0,0
2023-03-06,Tesla,198.54,193.81,0,0
2023-03-07,Tesla,191.38,187.71,0,0
2023-03-08,Tesla,185.04,182.0,0,0
2023-03-09,Tesla,180.25,172.92,0,0
2023-03-10,Tesla,175.13,173.44,0,0
2023-03-13,Tesla,167.455,174.48,0,0
2023-03-14,Tesla,177.31,183.26,0,0
2023-03-15,Tesla,180.8,180.45,0,0
2023-03-16,Tesla,180.365,184.13,0,0
2023-03-17,Tesla,184.515,180.13,0,0
2023-03-20,Tesla,178.08,183.25,0,0
2023-03-21,Tesla,188.28,197.58,0,0
2023-03-22,Tesla,199.3,191.15,0,0
2023-03-23,Tesla,195.26,192.22,0,0
2023-03-24,Tesla,191.65,190.41,0,0
2023-03-27,Tesla,194.415,191.81,1,0
2023-03-28,Tesla,192.0,189.19,0,0
2023-03-29,Tesla,193.13,193.88,0,0
2023-03-30,Tesla,195.58,195.28,0,0
2023-03-31,Tesla,197.53,207.46,0,0
2023-04-03,Tesla,199.91,194.77,1,0
2023-04-04,Tesla,197.32,192.58,0,0
2023-04-05,Tesla,190.515,185.52,0,0
2023-04-06,Tesla,183.08,185.06,0,0
2023-04-10,Tesla,179.94,184.51,1,0
2023-04-11,Tesla,186.69,186.79,0,0
2023-04-12,Tesla,190.74,180.54,0,0
2023-04-13,Tesla,182.955,185.9,0,0
2023-04-14,Tesla,183.95,185.0,0,0
2023-04-17,Tesla,186.32,187.04,1,0
2023-04-18,Tesla,187.15,184.31,0,0
2023-04-19,Tesla,179.1,180.59,0,0
2023-04-20,Tesla,166.165,162.99,0,0
2023-04-21,Tesla,164.8,165.08,0,0
2023-04-24,Tesla,164.65,162.55,1,0
2023-04-25,Tesla,159.82,160.67,0,0
2023-04-26,Tesla,160.29,153.75,0,0
2023-04-27,Tesla,152.64,160.19,0,0
2023-04-28,Tesla,160.9,164.31,0,0
2023-05-01,Tesla,163.17,161.83,1,0
2023-05-02,Tesla,161.88,160.31,0,0
2023-05-03,Tesla,160.01,160.61,0,0
2023-05-04,Tesla,162.71,161.2,0,0
2023-05-05,Tesla,163.97,170.06,0,0
2023-05-08,Tesla,173.72,171.79,1,0
2023-05-09,Tesla,168.95,169.15,0,0
2023-05-10,Tesla,172.55,168.54,0,0
2023-05-11,Tesla,168.7,172.08,0,0
2023-05-12,Tesla,176.07,167.98,0,0
2023-05-15,Tesla,167.655,166.35,1,0
2023-05-16,Tesla,165.65,166.52,0,0
2023-05-17,Tesla,168.41,173.86,0,0
2023-05-18,Tesla,174.22,176.89,0,0
2023-05-19,Tesla,177.17,180.14,0,0
2023-05-22,Tesla,180.7,188.87,1,0
2023-05-23,Tesla,186.2,185.77,0,0
2023-05-24,Tesla,182.23,182.9,0,0
2023-05-25,Tesla,186.54,184.47,0,0
2023-05-26,Tesla,184.62,193.17,0,0
2023-05-30,Tesla,200.1,201.16,1,0
2023-05-31,Tesla,199.78,203.93,0,0
2023-06-01,Tesla,202.59,207.52,0,0
2023-06-02,Tesla,210.15,213.97,0,0
2023-06-05,Tesla,217.8,217.61,1,0
2023-06-06,Tesla,216.14,221.31,0,0
2023-06-07,Tesla,228.0,224.57,0,0
2023-06-08,Tesla,224.22,234.86,0,1
2023-06-09,Tesla,249.07,244.4,1,1
2023-06-12,Tesla,247.94,249.83,1,1
2023-06-13,Tesla,253.51,258.71,1,1
2023-06-14,Tesla,260.17,256.79,1,1
2023-06-15,Tesla,248.4,255.9,1,1
2023-06-16,Tesla,258.92,260.54,1,1
2023-06-20,Tesla,261.5,274.45,1,1
2023-06-21,Tesla,275.13,259.46,1,1
2023-06-22,Tesla,250.77,264.61,1,1
2023-06-23,Tesla,259.29,256.6,1,1
2023-06-26,Tesla,250.065,241.05,1,1
2023-06-27,Tesla,243.24,250.21,0,1
2023-06-28,Tesla,249.7,256.24,1,1
2023-06-29,Tesla,258.03,257.5,1,1
2023-06-30,Tesla,260.6,261.77,1,1
2023-07-03,Tesla,276.49,279.82,1,1
2023-07-05,Tesla,278.82,282.48,1,1
2023-07-06,Tesla,278.09,276.54,1,1
2023-07-07,Tesla,278.43,274.43,1,1
2023-07-10,Tesla,276.47,269.61,1,1
2023-07-11,Tesla,268.65,269.79,1,1
2023-07-12,Tesla,276.325,271.99,1,1
2023-07-13,Tesla,274.59,277.9,1,1
2023-07-14,Tesla,277.01,281.38,1,1
2023-07-17,Tesla,286.625,290.38,1,1
2023-07-18,Tesla,290.15,293.34,1,1
2023-07-19,Tesla,296.04,291.26,1,1
2023-07-20,Tesla,279.56,262.9,1,1
2023-07-21,Tesla,268.0,260.02,0,1
2023-07-24,Tesla,255.85,269.06,1,1
2023-07-25,Tesla,272.38,265.28,1,1
2023-07-26,Tesla,263.25,264.35,1,1
2023-07-27,Tesla,268.31,255.71,0,1
2023-07-28,Tesla,259.86,266.44,0,1
2023-07-31,Tesla,267.48,267.43,1,1
2023-08-01,Tesla,266.26,261.07,0,1
2023-08-02,Tesla,255.57,254.11,0,1
2023-08-03,Tesla,252.04,259.32,0,1
2023-08-04,Tesla,260.97,253.86,0,0
2023-08-07,Tesla,251.45,251.45,1,0
2023-08-08,Tesla,247.45,249.7,0,1
2023-08-09,Tesla,250.87,242.19,0,0
2023-08-10,Tesla,245.4,245.34,0,0
2023-08-11,Tesla,241.77,242.65,0,0
2023-08-14,Tesla,235.7,239.76,1,0
2023-08-15,Tesla,238.73,232.96,0,0
2023-08-16,Tesla,228.02,225.6,0,0
2023-08-17,Tesla,226.06,219.22,0,0
2023-08-18,Tesla,214.12,215.49,0,0
2023-08-21,Tesla,221.5512,231.28,1,0
2023-08-22,Tesla,240.25,233.19,0,0
2023-08-23,Tesla,229.34,236.86,0,0
2023-08-24,Tesla,238.66,230.04,0,0
2023-08-25,Tesla,231.31,238.59,0,0
2023-08-28,Tesla,242.58,238.82,1,0
2023-08-29,Tesla,238.58,257.18,0,0
2023-08-30,Tesla,254.2,256.9,0,0
2023-08-31,Tesla,255.98,258.08,0,0
2023-09-01,Tesla,257.26,245.01,0,0
2023-09-05,Tesla,245.0,256.49,1,0
2023-09-06,Tesla,255.135,251.92,0,0
2023-09-07,Tesla,245.07,251.49,0,0
2023-09-08,Tesla,251.22,248.5,0,0
2023-09-11,Tesla,264.27,273.58,1,0
2023-09-12,Tesla,270.76,267.48,0,0
2023-09-13,Tesla,270.07,271.3,0,0
2023-09-14,Tesla,271.32,276.04,0,0
2023-09-15,Tesla,277.55,274.39,0,0
2023-09-18,Tesla,271.16,265.28,1,0
2023-09-19,Tesla,264.35,266.5,0,0
2023-09-20,Tesla,267.04,262.59,0,0
2023-09-21,Tesla,257.85,255.7,0,0
2023-09-22,Tesla,257.4,244.88,0,0
2023-09-25,Tesla,243.38,246.99,1,0
2023-09-26,Tesla,242.98,244.12,0,0
2023-09-27,Tesla,244.262,240.5,0,0
2023-09-28,Tesla,240.02,246.38,0,0
2023-09-29,Tesla,250.0,250.22,0,0
2023-10-02,Tesla,244.81,251.6,1,0
2023-10-03,Tesla,248.61,246.53,1,0
2023-10-04,Tesla,248.14,261.16,0,0
2023-10-05,Tesla,260.0,260.05,1,0
2023-10-06,Tesla,253.98,260.53,1,0
2023-10-09,Tesla,255.31,259.67,1,0
2023-10-10,Tesla,257.75,263.62,1,1
2023-10-11,Tesla,266.2,262.99,1,1
2023-10-12,Tesla,262.92,258.87,1,1
2023-10-13,Tesla,258.9,251.12,1,1
2023-10-16,Tesla,250.05,253.92,1,1
2023-10-17,Tesla,250.1,254.85,1,1
2023-10-18,Tesla,252.7,242.68,1,1
2023-10-19,Tesla,225.95,220.11,1,1
2023-10-20,Tesla,217.01,211.99,1,1
2023-10-23,Tesla,210.0,212.08,1,1
2023-10-24,Tesla,216.5,216.52,1,1
2023-10-25,Tesla,215.88,212.42,0,1
2023-10-26,Tesla,211.32,205.76,0,1
2023-10-27,Tesla,210.6,207.3,0,1
2023-10-30,Tesla,209.28,197.36,1,1
2023-10-31,Tesla,196.12,200.84,0,1
2023-11-01,Tesla,204.04,205.66,0,1
2023-11-02,Tesla,212.97,218.51,0,1
2023-11-03,Tesla,221.15,219.96,1,1
2023-11-06,Tesla,223.98,219.27,1,1
2023-11-07,Tesla,219.98,222.18,1,1
2023-11-08,Tesla,223.15,222.11,1,1
2023-11-09,Tesla,219.75,209.98,1,1
2023-11-10,Tesla,210.03,214.65,1,1
2023-11-13,Tesla,215.6,223.71,1,1
2023-11-14,Tesla,235.03,237.41,1,1
2023-11-15,Tesla,239.29,242.84,1,1
2023-11-16,Tesla,239.49,233.59,1,1
2023-11-17,Tesla,232.0,234.3,1,1
2023-11-20,Tesla,234.04,235.6,1,1
2023-11-21,Tesla,235.04,241.2,1,1
2023-11-22,Tesla,242.04,234.21,1,1
2023-11-24,Tesla,233.75,235.45,0,1
2023-11-27,Tesla,236.89,236.08,1,1
2023-11-28,Tesla,236.68,246.72,1,1
2023-11-29,Tesla,249.21,244.14,1,1
2023-11-30,Tesla,245.14,240.08,1,1
2023-12-01,Tesla,233.14,238.83,1,1
2023-12-04,Tesla,235.75,235.58,1,1
2023-12-05,Tesla,233.87,238.72,1,1
2023-12-06,Tesla,242.92,239.37,1,1
2023-12-07,Tesla,241.55,242.64,1,1
2023-12-08,Tesla,240.27,243.84,1,1
2023-12-11,Tesla,242.74,239.74,1,1
2023-12-12,Tesla,238.55,237.01,1,1
2023-12-13,Tesla,234.19,239.29,1,1
2023-12-14,Tesla,241.22,251.05,1,1
2023-12-15,Tesla,251.21,253.5,1,1
2023-12-18,Tesla,253.78,252.08,1,1
2023-12-19,Tesla,253.48,257.22,1,1
2023-12-20,Tesla,256.41,247.14,1,1
2023-12-21,Tesla,251.9,254.5,1,1
2023-12-22,Tesla,256.76,252.54,1,1
2023-12-26,Tesla,254.49,256.61,0,1
2023-12-27,Tesla,258.35,261.44,1,1
2023-12-28,Tesla,263.66,253.18,1,1
2023-12-29,Tesla,255.1,248.48,1,1
2024-01-03,Tesla,244.98,238.45,1,1
2024-01-04,Tesla,239.25,237.93,1,1
2024-01-05,Tesla,236.86,237.49,1,1
2024-01-08,Tesla,236.14,240.45,0,1
2024-01-09,Tesla,238.11,234.96,1,1
2024-01-10,Tesla,235.1,233.94,1,1
2024-01-11,Tesla,230.57,227.22,1,1
2024-01-12,Tesla,220.08,218.89,1,1
2024-01-16,Tesla,215.1,219.91,0,1
2024-01-17,Tesla,214.86,215.55,1,1
2024-01-18,Tesla,216.88,211.88,1,1
2024-01-19,Tesla,209.99,212.19,1,1
2024-01-22,Tesla,212.26,208.8,0,1
2024-01-23,Tesla,211.3,209.14,1,1
2024-01-24,Tesla,211.88,207.83,1,1
2024-01-25,Tesla,189.7,182.63,1,1
2024-01-26,Tesla,185.5,183.25,1,1
2024-01-29,Tesla,185.63,190.93,0,1
2024-01-30,Tesla,195.33,191.59,1,1
2024-01-31,Tesla,186.995,187.29,1,1
2024-02-01,Tesla,188.5,188.86,1,0
2024-02-02,Tesla,185.04,187.91,0,0
2024-02-05,Tesla,184.26,181.06,0,0
2024-02-06,Tesla,177.21,185.1,0,0
2024-02-07,Tesla,188.18,187.58,0,0
2024-02-08,Tesla,189.0,189.56,0,0
2024-02-09,Tesla,190.18,193.57,0,0
2024-02-12,Tesla,192.11,188.13,0,0
2024-02-13,Tesla,183.99,184.02,0,0
2024-02-14,Tesla,185.3,188.71,0,0
2024-02-15,Tesla,189.16,200.45,0,0
2024-02-16,Tesla,202.06,199.95,1,0
2024-02-20,Tesla,196.13,193.76,0,0
2024-02-21,Tesla,193.36,194.77,0,0
2024-02-22,Tesla,194.0,197.41,0,0
2024-02-23,Tesla,195.31,191.97,0,0
2024-02-26,Tesla,192.29,199.4,0,0
2024-02-27,Tesla,204.04,199.73,0,0
2024-02-28,Tesla,200.42,202.04,0,0
2024-02-29,Tesla,204.18,201.88,0,0
2024-03-01,Tesla,200.52,202.64,0,0
2024-03-04,Tesla,198.73,188.14,0,0
2024-03-05,Tesla,183.05,180.74,0,0
2024-03-06,Tesla,179.99,176.54,0,0
2024-03-07,Tesla,174.35,178.65,0,0
2024-03-08,Tesla,181.5,175.34,0,0
2024-03-11,Tesla,175.445,177.77,0,0
2024-03-12,Tesla,177.77,177.54,0,0
2024-03-13,Tesla,173.05,169.48,0,0
2024-03-14,Tesla,167.77,162.5,0,0
2024-03-15,Tesla,163.16,163.57,0,0
2024-03-18,Tesla,170.02,173.8,0,0
2024-03-19,Tesla,172.36,171.32,0,0
2024-03-20,Tesla,173.0,175.66,0,0
2024-03-21,Tesla,176.39,172.82,0,0
2024-03-22,Tesla,166.69,170.83,0,0
2024-03-25,Tesla,168.76,172.63,0,0
2024-03-26,Tesla,178.58,177.67,0,0
2024-03-27,Tesla,181.41,179.83,0,0
2024-03-28,Tesla,177.45,175.79,0,0
2024-04-01,Tesla,176.17,175.22,0,0
2024-04-02,Tesla,164.75,166.63,1,0
2024-04-03,Tesla,164.02,168.38,0,0
2024-04-04,Tesla,170.07,171.11,0,0
2024-04-05,Tesla,169.08,164.9,0,0
2024-04-08,Tesla,169.34,172.98,0,0
2024-04-09,Tesla,172.91,176.88,0,0
2024-04-10,Tesla,173.04,171.76,0,0
2024-04-11,Tesla,172.55,174.6,0,0
2024-04-12,Tesla,172.34,171.05,0,0
2024-04-15,Tesla,170.24,161.48,0,0
2024-04-16,Tesla,156.742,157.11,0,0
2024-04-17,Tesla,157.64,155.45,0,0
2024-04-18,Tesla,151.25,149.93,0,0
2024-04-19,Tesla,148.97,147.05,0,0
2024-04-22,Tesla,140.56,142.05,0,0
2024-04-23,Tesla,143.33,144.68,0,0
2024-04-24,Tesla,162.84,162.13,1,0
2024-04-25,Tesla,158.96,170.18,0,0
2024-04-26,Tesla,168.85,168.29,1,0
2024-04-29,Tesla,188.42,194.05,0,0
2024-04-30,Tesla,186.98,183.28,0,0
2024-05-01,Tesla,182.0,179.99,1,0
2024-05-02,Tesla,182.86,180.01,1,0
2024-05-03,Tesla,182.1,181.19,1,0
2024-05-06,Tesla,183.8,184.76,0,0
2024-05-07,Tesla,182.4,177.81,0,0
2024-05-08,Tesla,171.59,174.72,0,0
2024-05-09,Tesla,175.01,171.97,1,0
2024-05-10,Tesla,173.05,168.47,1,0
2024-05-13,Tesla,170.0,171.89,0,0
2024-05-14,Tesla,174.496,177.55,0,0
2024-05-15,Tesla,179.9,173.99,1,0
2024-05-16,Tesla,174.1,174.84,1,0
2024-05-17,Tesla,173.55,177.46,0,0
2024-05-20,Tesla,177.56,174.95,0,0
2024-05-21,Tesla,175.51,186.6,0,0
2024-05-22,Tesla,182.85,180.11,0,0
2024-05-23,Tesla,181.8,173.74,0,0
2024-05-24,Tesla,174.835,179.24,0,0
2024-05-28,Tesla,176.4,176.75,0,0
2024-05-29,Tesla,174.19,176.19,1,0
2024-05-30,Tesla,178.575,178.79,0,0
2024-05-31,Tesla,178.5,178.08,0,0
2024-06-03,Tesla,178.13,176.29,0,0
2024-06-04,Tesla,174.775,174.77,0,0
2024-06-05,Tesla,175.35,175.0,0,0
2024-06-06,Tesla,174.6,177.94,0,0
2024-06-07,Tesla,176.13,177.48,0,0
2024-06-10,Tesla,176.06,173.79,0,0
2024-06-11,Tesla,173.92,170.66,0,0
2024-06-12,Tesla,171.12,177.29,0,0
2024-06-13,Tesla,188.39,182.47,0,0
2024-06-14,Tesla,185.8,178.01,0,0
2024-06-17,Tesla,177.92,187.44,0,0
2024-06-18,Tesla,186.56,184.86,0,0
2024-06-20,Tesla,184.68,181.57,0,0
2024-06-21,Tesla,182.3,183.01,0,0
2024-06-24,Tesla,184.97,182.58,0,0
2024-06-25,Tesla,184.4,187.35,0,0
2024-06-26,Tesla,186.54,196.37,0,0
2024-06-27,Tesla,195.17,197.42,0,0
2024-06-28,Tesla,199.55,197.88,0,0
2024-07-01,Tesla,201.02,209.86,0,0
2024-07-02,Tesla,218.89,231.26,0,0
2024-07-03,Tesla,234.56,246.39,0,0
2024-07-05,Tesla,249.81,251.52,0,0
2024-07-08,Tesla,247.71,252.94,0,0
2024-07-09,Tesla,251.0,262.33,1,0
2024-07-10,Tesla,262.8,263.26,0,0
2024-07-11,Tesla,263.3,241.03,0,0
2024-07-12,Tesla,235.8,248.23,0,0
2024-07-15,Tesla,255.97,252.64,1,0
2024-07-16,Tesla,255.31,256.56,1,0
2024-07-17,Tesla,252.73,248.5,0,0
2024-07-18,Tesla,251.09,249.23,0,0
2024-07-19,Tesla,247.79,239.2,0,0
2024-07-22,Tesla,244.21,251.51,0,0
2024-07-23,Tesla,253.6,246.38,1,0
2024-07-24,Tesla,225.42,215.99,0,0
2024-07-25,Tesla,216.8,220.25,0,0
2024-07-26,Tesla,221.19,219.8,0,0
2024-07-29,Tesla,224.9,232.1,0,0
2024-07-30,Tesla,232.25,222.62,1,0
2024-07-31,Tesla,227.9,232.07,0,0
2024-08-01,Tesla,227.69,216.86,0,0
2024-08-02,Tesla,214.88,207.67,0,0
2024-08-05,Tesla,185.22,198.88,0,0
2024-08-06,Tesla,200.75,200.64,0,0
2024-08-07,Tesla,200.77,191.76,0,0
2024-08-08,Tesla,195.7,198.84,0,0
2024-08-09,Tesla,197.05,200.0,0,0
2024-08-12,Tesla,199.02,197.49,0,0
2024-08-13,Tesla,198.47,207.83,0,0
2024-08-14,Tesla,207.39,201.38,0,0
2024-08-15,Tesla,205.02,214.14,0,0
2024-08-16,Tesla,211.15,216.12,0,0
2024-08-19,Tesla,217.07,222.72,0,0
2024-08-20,Tesla,224.88,221.1,0,0
2024-08-21,Tesla,222.67,223.27,0,0
2024-08-22,Tesla,223.82,210.66,0,0
2024-08-23,Tesla,214.455,220.32,0,0
2024-08-26,Tesla,218.75,213.21,0,0
2024-08-27,Tesla,213.25,209.21,0,0
2024-08-28,Tesla,209.72,205.75,0,0
2024-08-29,Tesla,209.8,206.28,0,0
2024-08-30,Tesla,208.63,214.11,0,0
2024-09-03,Tesla,215.26,210.6,0,0
2024-09-04,Tesla,210.59,219.41,1,0
2024-09-05,Tesla,223.49,230.17,0,0
2024-09-06,Tesla,232.6,210.73,0,0
2024-09-09,Tesla,216.2,216.27,0,0
2024-09-10,Tesla,220.07,226.17,0,0
2024-09-11,Tesla,224.55,228.13,0,0
2024-09-12,Tesla,224.66,229.81,0,0
2024-09-13,Tesla,228.0,230.29,0,0
2024-09-16,Tesla,229.3,226.78,0,0
2024-09-17,Tesla,229.45,227.87,0,0
2024-09-18,Tesla,230.09,227.2,0,0
2024-09-19,Tesla,234.0,243.92,0,0
2024-09-20,Tesla,241.52,238.25,0,0
2024-09-23,Tesla,242.61,250.0,0,0
2024-09-24,Tesla,254.08,254.27,0,0
2024-09-25,Tesla,252.54,257.02,1,0
2024-09-26,Tesla,260.6,254.22,1,0
2024-09-27,Tesla,257.375,260.46,1,0
2024-09-30,Tesla,259.04,261.63,0,0
2024-10-01,Tesla,262.67,258.02,1,0
2024-10-02,Tesla,247.55,249.02,0,0
2024-10-03,Tesla,244.48,240.66,0,0
2024-10-04,Tesla,246.69,250.08,0,0
2024-10-07,Tesla,249.0,240.83,1,0
2024-10-08,Tesla,243.56,244.5,0,0
2024-10-09,Tesla,243.82,241.05,0,0
2024-10-10,Tesla,241.81,238.77,0,0
2024-10-11,Tesla,220.13,217.8,0,0
2024-10-14,Tesla,220.13,219.16,1,0
2024-10-15,Tesla,220.01,219.57,0,0
2024-10-16,Tesla,221.4,221.33,0,0
2024-10-17,Tesla,221.59,220.89,0,0
2024-10-18,Tesla,220.71,220.7,0,0
2024-10-21,Tesla,218.9,218.85,1,0
2024-10-22,Tesla,217.31,217.97,0,0
2024-10-23,Tesla,217.125,213.65,1,0
2024-10-24,Tesla,244.68,260.48,1,0
2024-10-25,Tesla,256.01,269.19,1,0
2024-10-28,Tesla,270.0,262.51,1,0
2024-10-29,Tesla,264.51,259.52,0,1
2024-10-30,Tesla,258.035,257.55,1,1
2024-10-31,Tesla,257.99,249.85,1,1
2024-11-01,Tesla,252.043,248.98,1,1
2024-11-04,Tesla,244.56,242.84,1,1
2024-11-05,Tesla,247.34,251.44,0,1
2024-11-06,Tesla,284.67,288.53,1,1
2024-11-07,Tesla,288.89,296.91,1,1
2024-11-08,Tesla,299.14,321.22,1,1
2024-11-11,Tesla,346.3,350.0,1,1
2024-11-12,Tesla,342.74,328.49,0,1
2024-11-13,Tesla,335.85,330.24,1,1
2024-11-14,Tesla,327.69,311.18,1,1
2024-11-15,Tesla,310.57,320.72,1,1
2024-11-18,Tesla,340.73,338.74,1,1
2024-11-19,Tesla,335.76,346.0,0,1
2024-11-20,Tesla,345.0,342.03,1,1
2024-11-21,Tesla,343.81,339.64,1,1
2024-11-22,Tesla,341.085,352.56,1,1
2024-11-25,Tesla,360.14,338.59,1,1
2024-11-26,Tesla,341.0,338.23,0,1
2024-11-27,Tesla,341.8,332.89,1,1
2024-11-29,Tesla,336.08,345.16,1,1
2024-12-02,Tesla,352.38,357.09,1,1
2024-12-03,Tesla,351.8,351.42,1,1
2024-12-04,Tesla,353.0,357.93,1,1
2024-12-05,Tesla,359.87,369.49,1,1
2024-12-06,Tesla,377.42,389.22,1,1
2024-12-09,Tesla,397.61,389.79,1,1
2024-12-10,Tesla,392.68,400.99,1,1
2024-12-11,Tesla,409.7,424.77,1,1
2024-12-12,Tesla,424.84,418.1,1,1
2024-12-13,Tesla,420.0,436.23,1,1
2024-12-16,Tesla,441.09,463.02,1,1
2024-12-17,Tesla,475.9,479.86,1,1
2024-12-18,Tesla,466.495,440.13,1,1
2024-12-19,Tesla,451.88,436.17,1,1
2024-12-20,Tesla,425.505,421.06,1,1
2024-12-23,Tesla,431.0,430.6,1,1
2024-12-24,Tesla,435.9,462.28,1,1
2024-12-26,Tesla,465.16,454.13,1,1
2024-12-27,Tesla,449.52,431.66,1,1
2024-12-30,Tesla,419.4,417.41,1,1
2024-12-31,Tesla,423.79,403.84,1,1
2025-01-02,Tesla,390.1,379.28,1,1
2025-01-03,Tesla,381.48,410.44,1,1
2025-01-06,Tesla,423.2,411.05,1,1
2025-01-07,Tesla,405.83,394.36,1,1
2025-01-08,Tesla,392.95,394.94,1,1
2025-01-10,Tesla,391.4,394.74,1,1
2025-01-13,Tesla,383.21,403.31,1,1
2025-01-14,Tesla,414.34,396.36,1,1
2025-01-15,Tesla,409.9,428.22,1,1
2025-01-16,Tesla,423.49,413.82,1,1
2025-01-17,Tesla,421.5,426.5,1,1
2025-01-21,Tesla,432.64,424.07,1,1
2025-01-22,Tesla,416.81,415.11,1,1
2025-01-23,Tesla,416.06,412.38,1,1
2025-01-24,Tesla,414.45,406.58,1,1
2025-01-27,Tesla,394.8,397.15,1,1
2025-01-28,Tesla,396.91,398.09,1,1
2025-01-29,Tesla,395.21,389.1,1,1
2025-01-30,Tesla,410.78,400.28,1,1
2025-01-31,Tesla,401.53,404.6,1,1
2025-02-03,Tesla,386.68,383.68,1,1
2025-02-04,Tesla,382.63,392.21,1,1
2025-02-05,Tesla,387.51,378.17,1,1
2025-02-06,Tesla,373.03,374.32,1,1
2025-02-07,Tesla,370.19,361.62,1,1
2025-02-10,Tesla,356.21,350.73,1,1
2025-02-11,Tesla,345.8,328.5,1,1
2025-02-12,Tesla,329.94,336.51,1,1
2025-02-13,Tesla,345.0,355.94,1,1
2025-02-14,Tesla,360.62,355.84,1,1
2025-02-18,Tesla,355.01,354.11,1,1
2025-02-19,Tesla,354.0,360.56,1,1
2025-02-20,Tesla,361.51,354.4,1,1
2025-02-21,Tesla,353.44,337.8,1,1
2025-02-24,Tesla,338.14,330.53,1,1
2025-02-25,Tesla,327.025,302.8,1,1
2025-02-26,Tesla,303.715,290.8,1,1
2025-02-27,Tesla,291.16,281.95,1,1
2025-02-28,Tesla,279.5,292.98,1,1
2025-03-03,Tesla,300.34,284.65,1,1
2025-03-04,Tesla,270.93,272.04,1,1
2025-03-05,Tesla,272.92,279.1,1,1
2025-03-06,Tesla,272.06,263.45,1,1
2025-03-07,Tesla,259.32,262.67,1,1
2025-03-10,Tesla,252.535,222.15,1,1
2025-03-11,Tesla,225.305,230.58,1,1
2025-03-12,Tesla,247.22,248.09,1,1
2025-03-13,Tesla,248.125,240.68,1,1
2025-03-14,Tesla,247.31,249.98,1,1
2025-03-17,Tesla,245.055,238.01,1,1
2025-03-18,Tesla,228.155,225.31,1,1
2025-03-19,Tesla,231.61,235.86,1,1
2025-03-20,Tesla,233.345,236.26,1,1
2025-03-21,Tesla,234.985,248.71,1,1
2025-03-24,Tesla,258.075,278.39,1,1
2025-03-25,Tesla,283.6,288.14,1,1
2025-03-26,Tesla,282.66,272.06,1,1
